<manifest alg="2" build="2018.0.0.379" opt="false" iceEnabled="true" iceMarkupVersion="2" iceEnabledOptions="link,responsive,cachebuster,textStyling" exportTarget="other" domain="www.nunakaskai.com" resolutions="1x" timestamp="1620064170458">
  <folder name="css">
    <file name="site_global.css" crc="494565420"/>
    <file name="master_a-master.css" crc="3841838299" ref="extracto-de-moringa:productos:nosotros:contacto:index:extracto-de-guayusa"/>
    <file name="extracto-de-moringa.css" crc="4008337953" ref="extracto-de-moringa"/>
    <file name="productos.css" crc="499487277" ref="productos"/>
    <file name="nosotros.css" crc="19721745" ref="nosotros"/>
    <file name="contacto.css" crc="4108795635" ref="contacto"/>
    <file name="index.css" crc="4066341555" ref="index"/>
    <file name="extracto-de-guayusa.css" crc="145212960" ref="extracto-de-guayusa"/>
    <file name="nomq_preview_master_a-master.css" crc="3824530138" ref="productos:extracto-de-guayusa:nosotros:contacto:index:extracto-de-moringa"/>
    <file name="nomq_productos.css" crc="3848822060" ref="productos"/>
    <file name="nomq_extracto-de-guayusa.css" crc="3766325830" ref="extracto-de-guayusa"/>
    <file name="nomq_nosotros.css" crc="378767765" ref="nosotros"/>
    <file name="nomq_contacto.css" crc="338353835" ref="contacto"/>
    <file name="nomq_index.css" crc="4237590751" ref="index"/>
    <file name="nomq_extracto-de-moringa.css" crc="4246337121" ref="extracto-de-moringa"/>
  </folder>
  <folder name="fonts">
    <file name="montserrat-light.woff" crc="3834854747"/>
    <file name="montserrat-light.eot" crc="375552948"/>
    <file name="montserrat-light.svg" crc="272031144"/>
    <file name="montserrat-bold.woff" crc="14855227"/>
    <file name="montserrat-bold.eot" crc="485340081"/>
    <file name="montserrat-bold.svg" crc="3988966961"/>
    <file name="montserrat-regular.woff" crc="4135477444"/>
    <file name="montserrat-regular.eot" crc="3805187835"/>
    <file name="montserrat-regular.svg" crc="4125985737"/>
  </folder>
  <folder name="assets">
    <file name="musepen_mobile_dropdown_menu.mulib" crc="4277197648" seo="true" mt="1522850658000"/>
    <file name="-mr--customer-preloader-v2.mulib" crc="72198757" seo="true" mt="1433089078000"/>
  </folder>
  <folder name="scripts">
    <file name="jquery-1.8.3.min.js" crc="209076791" ref="phone>index:phone>nosotros:phone>productos:phone>extracto-de-guayusa:phone>extracto-de-moringa:phone>contacto:index:nosotros:productos:contacto:extracto-de-guayusa:extracto-de-moringa"/>
    <file name="museutils.js" crc="3803043152" ref="phone>index:phone>nosotros:phone>productos:phone>extracto-de-guayusa:phone>extracto-de-moringa:phone>contacto:index:nosotros:productos:contacto:extracto-de-guayusa:extracto-de-moringa"/>
    <file name="whatinput.js" crc="86476730" ref="phone>index:phone>nosotros:phone>productos:phone>extracto-de-guayusa:phone>extracto-de-moringa:phone>contacto:index:nosotros:productos:contacto:extracto-de-guayusa:extracto-de-moringa"/>
    <file name="museconfig.js" crc="380897831" ref="phone>index:phone>nosotros:phone>productos:phone>extracto-de-guayusa:phone>extracto-de-moringa:phone>contacto:index:nosotros:productos:contacto:extracto-de-guayusa:extracto-de-moringa"/>
    <file name="jquery.watch.js" crc="99325471" ref="phone>index:phone>nosotros:phone>productos:phone>extracto-de-guayusa:phone>extracto-de-moringa:phone>contacto:index:nosotros:productos:contacto:extracto-de-guayusa:extracto-de-moringa"/>
    <file name="jquery.musemenu.js" crc="3784699396" ref="phone>index:phone>nosotros:phone>productos:phone>extracto-de-guayusa:phone>extracto-de-moringa:phone>contacto:index:nosotros:productos:contacto:extracto-de-guayusa:extracto-de-moringa"/>
    <file name="webpro.js" crc="242022427" ref="phone>index:phone>nosotros:phone>productos:phone>extracto-de-guayusa:phone>extracto-de-moringa:phone>contacto:index:contacto"/>
    <file name="musewpdisclosure.js" crc="119288625" ref="phone>index:phone>nosotros:phone>productos:phone>extracto-de-guayusa:phone>extracto-de-moringa:phone>contacto"/>
    <file name="musewpslideshow.js" crc="457073769" ref="phone>index:index"/>
    <file name="jquery.museoverlay.js" crc="483674903" ref="phone>index:index"/>
    <file name="touchswipe.js" crc="4066113679" ref="phone>index:index"/>
    <file name="jquery.musepolyfill.bgsize.js" crc="4148998990" ref="phone>index:phone>nosotros:phone>productos:phone>extracto-de-guayusa:phone>extracto-de-moringa:phone>contacto:index:nosotros:productos:contacto:extracto-de-guayusa:extracto-de-moringa"/>
    <file name="jquery.scrolleffects.js" crc="530399994" ref="phone>index:phone>nosotros:phone>productos:phone>extracto-de-guayusa:phone>extracto-de-moringa:phone>contacto:index:nosotros:productos:contacto:extracto-de-guayusa:extracto-de-moringa"/>
    <file name="html5shiv.js" crc="4241844378" ref="phone>index:phone>nosotros:phone>productos:phone>extracto-de-guayusa:phone>extracto-de-moringa:phone>contacto:index:nosotros:productos:contacto:extracto-de-guayusa:extracto-de-moringa"/>
    <file name="require.js" crc="4157109226" ref="phone>index:phone>nosotros:phone>productos:phone>extracto-de-guayusa:phone>extracto-de-moringa:phone>contacto:index:nosotros:productos:contacto:extracto-de-guayusa:extracto-de-moringa"/>
    <file name="form_check.php" crc="62300408" ref="phone>contacto:contacto"/>
    <file name="form_process.php" crc="91775217" ref="phone>contacto:contacto"/>
    <file name="form-u3933.php" crc="3759820794" ref="phone>contacto"/>
    <file name="form-u1701.php" crc="4199215581" ref="contacto"/>
    <file name="jquery.museresponsive.js" crc="3955820958" ref="index:nosotros:productos:contacto:extracto-de-guayusa:extracto-de-moringa"/>
  </folder>
  <folder name="images">
    <file name="a-master-favicon.ico" crc="102309088" ref="phone>index:phone>nosotros"/>
    <file name="pasted-svg-265557x68.svg" crc="4286958817" seo="true" ref="phone>index:phone>nosotros:phone>productos:phone>extracto-de-guayusa:phone>extracto-de-moringa:phone>contacto:index:nosotros:productos:contacto:extracto-de-guayusa:extracto-de-moringa">
      <caption webpage="index" alt=""/>
      <caption webpage="index" alt=""/>
      <caption webpage="index" alt=""/>
      <caption webpage="index" alt=""/>
      <caption webpage="index" alt=""/>
      <caption webpage="index" alt=""/>
      <caption webpage="index" alt=""/>
      <caption webpage="index" alt=""/>
      <caption webpage="index" alt=""/>
      <caption webpage="index" alt=""/>
      <caption webpage="index" alt=""/>
      <caption webpage="index" alt=""/>
      <caption webpage="extracto-de-moringa" alt=""/>
      <caption webpage="extracto-de-moringa" alt=""/>
      <caption webpage="extracto-de-moringa" alt=""/>
      <caption webpage="extracto-de-moringa" alt=""/>
      <caption webpage="extracto-de-moringa" alt=""/>
      <caption webpage="extracto-de-moringa" alt=""/>
      <caption webpage="extracto-de-moringa" alt=""/>
      <caption webpage="extracto-de-moringa" alt=""/>
      <caption webpage="extracto-de-moringa" alt=""/>
      <caption webpage="extracto-de-moringa" alt=""/>
      <caption webpage="extracto-de-moringa" alt=""/>
      <caption webpage="extracto-de-moringa" alt=""/>
      <caption webpage="contacto" alt=""/>
      <caption webpage="contacto" alt=""/>
      <caption webpage="contacto" alt=""/>
      <caption webpage="contacto" alt=""/>
      <caption webpage="contacto" alt=""/>
      <caption webpage="contacto" alt=""/>
      <caption webpage="contacto" alt=""/>
      <caption webpage="contacto" alt=""/>
      <caption webpage="contacto" alt=""/>
      <caption webpage="contacto" alt=""/>
      <caption webpage="productos" alt=""/>
      <caption webpage="productos" alt=""/>
      <caption webpage="productos" alt=""/>
      <caption webpage="productos" alt=""/>
      <caption webpage="productos" alt=""/>
      <caption webpage="productos" alt=""/>
      <caption webpage="productos" alt=""/>
      <caption webpage="productos" alt=""/>
      <caption webpage="productos" alt=""/>
      <caption webpage="productos" alt=""/>
      <caption webpage="productos" alt=""/>
      <caption webpage="productos" alt=""/>
      <caption webpage="nosotros" alt=""/>
      <caption webpage="nosotros" alt=""/>
      <caption webpage="extracto-de-guayusa" alt=""/>
      <caption webpage="extracto-de-guayusa" alt=""/>
      <caption webpage="extracto-de-guayusa" alt=""/>
      <caption webpage="extracto-de-guayusa" alt=""/>
      <caption webpage="extracto-de-guayusa" alt=""/>
      <caption webpage="extracto-de-guayusa" alt=""/>
      <caption webpage="extracto-de-guayusa" alt=""/>
      <caption webpage="extracto-de-guayusa" alt=""/>
      <caption webpage="extracto-de-guayusa" alt=""/>
      <caption webpage="extracto-de-guayusa" alt=""/>
      <caption webpage="extracto-de-guayusa" alt=""/>
      <caption webpage="extracto-de-guayusa" alt=""/>
    </file>
    <file name="pasted svg 265557x68_poster_.png" crc="3915929883" ref="phone>index:phone>nosotros"/>
    <file name="blank.gif" crc="4208392903" ref="phone>index:index:nosotros:productos:contacto:extracto-de-guayusa:extracto-de-moringa"/>
    <file name="loading.gif" crc="3815509949" ref="phone>index:index"/>
    <file name="moringa_guayusa_60ml.png" crc="4189063573" seo="true" ref="phone>index:index">
      <caption webpage="index" alt="Extractos naturales, Guayusa,Moringa, Nuna Kaskai, Tinturas madre, Ecuador, complemento nutricional"/>
      <caption webpage="index" alt="Extractos naturales, Guayusa,Moringa, Nuna Kaskai, Tinturas madre, Ecuador, complemento nutricional"/>
      <caption webpage="index" alt="Extractos naturales, Guayusa,Moringa, Nuna Kaskai, Tinturas madre, Ecuador, complemento nutricional"/>
      <caption webpage="index" alt="Extractos naturales, Guayusa,Moringa, Nuna Kaskai, Tinturas madre, Ecuador, complemento nutricional"/>
      <caption webpage="index" alt="Extractos naturales, Guayusa,Moringa, Nuna Kaskai, Tinturas madre, Ecuador, complemento nutricional"/>
      <caption webpage="index" alt="Extractos naturales, Guayusa,Moringa, Nuna Kaskai, Tinturas madre, Ecuador, complemento nutricional"/>
    </file>
    <file name="fondofarmacias-1.jpg" crc="4253550725" ref="index">
      <caption webpage="index" alt=""/>
      <caption webpage="index" alt=""/>
      <caption webpage="index" alt=""/>
      <caption webpage="index" alt=""/>
      <caption webpage="index" alt=""/>
    </file>
    <file name="puntos_deventa-07.svg" crc="3787440664" seo="true" ref="phone>index:index">
      <caption webpage="index" alt=""/>
      <caption webpage="index" alt=""/>
      <caption webpage="index" alt=""/>
      <caption webpage="index" alt=""/>
      <caption webpage="index" alt=""/>
      <caption webpage="index" alt=""/>
    </file>
    <file name="puntos_deventa-07_poster_.png" crc="361685478" ref="phone>index"/>
    <file name="puntos_deventa-08.svg" crc="324198259" seo="true" ref="phone>index:index">
      <caption webpage="index" alt=""/>
      <caption webpage="index" alt=""/>
      <caption webpage="index" alt=""/>
      <caption webpage="index" alt=""/>
      <caption webpage="index" alt=""/>
      <caption webpage="index" alt=""/>
    </file>
    <file name="puntos_deventa-08_poster_.png" crc="3848517591" ref="phone>index"/>
    <file name="puntos_deventa-06.svg" crc="4138894765" seo="true" ref="phone>index:index">
      <caption webpage="index" alt=""/>
      <caption webpage="index" alt=""/>
      <caption webpage="index" alt=""/>
      <caption webpage="index" alt=""/>
      <caption webpage="index" alt=""/>
      <caption webpage="index" alt=""/>
    </file>
    <file name="puntos_deventa-06_poster_.png" crc="4200177873" ref="phone>index"/>
    <file name="stevia-u3442-fr.jpg" crc="189538719" ref="phone>index"/>
    <file name="eupharma.png" crc="3834752093" seo="true" ref="phone>index:phone>nosotros:phone>productos:phone>extracto-de-guayusa:phone>extracto-de-moringa:phone>contacto:index:nosotros:productos:contacto:extracto-de-guayusa:extracto-de-moringa">
      <caption webpage="index" alt=""/>
      <caption webpage="index" alt=""/>
      <caption webpage="index" alt=""/>
      <caption webpage="index" alt=""/>
      <caption webpage="index" alt=""/>
      <caption webpage="index" alt=""/>
      <caption webpage="extracto-de-moringa" alt=""/>
      <caption webpage="extracto-de-moringa" alt=""/>
      <caption webpage="extracto-de-moringa" alt=""/>
      <caption webpage="extracto-de-moringa" alt=""/>
      <caption webpage="extracto-de-moringa" alt=""/>
      <caption webpage="extracto-de-moringa" alt=""/>
      <caption webpage="contacto" alt=""/>
      <caption webpage="contacto" alt=""/>
      <caption webpage="contacto" alt=""/>
      <caption webpage="contacto" alt=""/>
      <caption webpage="contacto" alt=""/>
      <caption webpage="productos" alt=""/>
      <caption webpage="productos" alt=""/>
      <caption webpage="productos" alt=""/>
      <caption webpage="productos" alt=""/>
      <caption webpage="productos" alt=""/>
      <caption webpage="productos" alt=""/>
      <caption webpage="nosotros" alt=""/>
      <caption webpage="extracto-de-guayusa" alt=""/>
      <caption webpage="extracto-de-guayusa" alt=""/>
      <caption webpage="extracto-de-guayusa" alt=""/>
      <caption webpage="extracto-de-guayusa" alt=""/>
      <caption webpage="extracto-de-guayusa" alt=""/>
      <caption webpage="extracto-de-guayusa" alt=""/>
    </file>
    <file name="nosotros-u3532-fr.jpg" crc="3820607034" ref="phone>nosotros"/>
    <file name="eupharma_logo_contacto.png" crc="105535668" seo="true" ref="phone>nosotros:nosotros">
      <caption webpage="nosotros" alt=""/>
    </file>
    <file name="moringa-u3562-fr.jpg" crc="522967597" ref="phone>productos:phone>extracto-de-moringa"/>
    <file name="guayusa-u3843-fr.jpg" crc="3825438694" ref="phone>extracto-de-guayusa"/>
    <file name="contacto-u3998-fr.jpg" crc="264763566" ref="phone>contacto"/>
    <file name="pasted-svg-18336x17.svg" crc="4085618" seo="true" ref="phone>contacto:contacto">
      <caption webpage="contacto" alt=""/>
      <caption webpage="contacto" alt=""/>
      <caption webpage="contacto" alt=""/>
      <caption webpage="contacto" alt=""/>
      <caption webpage="contacto" alt=""/>
    </file>
    <file name="pasted svg 18336x17_poster_.png" crc="4269040624" ref="phone>contacto:contacto"/>
    <file name="pasted-svg-3714x28.svg" crc="3918111525" seo="true" ref="phone>contacto:contacto">
      <caption webpage="contacto" alt=""/>
      <caption webpage="contacto" alt=""/>
      <caption webpage="contacto" alt=""/>
      <caption webpage="contacto" alt=""/>
      <caption webpage="contacto" alt=""/>
    </file>
    <file name="pasted svg 3714x28_poster_.png" crc="173409977" ref="phone>contacto:contacto"/>
    <file name="pasted-svg-33831x41.svg" crc="4111291617" seo="true" ref="phone>contacto:contacto">
      <caption webpage="contacto" alt=""/>
      <caption webpage="contacto" alt=""/>
      <caption webpage="contacto" alt=""/>
      <caption webpage="contacto" alt=""/>
      <caption webpage="contacto" alt=""/>
    </file>
    <file name="pasted svg 33831x41_poster_.png" crc="3849554053" ref="phone>contacto:contacto"/>
    <file name="moringa2.png" crc="94454020" seo="true" ref="index:nosotros">
      <caption webpage="index" alt=""/>
      <caption webpage="index" alt=""/>
      <caption webpage="index" alt=""/>
      <caption webpage="index" alt=""/>
      <caption webpage="index" alt=""/>
      <caption webpage="nosotros" alt=""/>
      <caption webpage="nosotros" alt=""/>
      <caption webpage="nosotros" alt=""/>
      <caption webpage="nosotros" alt=""/>
      <caption webpage="nosotros" alt=""/>
    </file>
    <file name="hoja-guayusa.png" crc="4123524375" seo="true" ref="index:nosotros">
      <caption webpage="index" alt=""/>
      <caption webpage="index" alt=""/>
      <caption webpage="index" alt=""/>
      <caption webpage="index" alt=""/>
      <caption webpage="index" alt=""/>
      <caption webpage="nosotros" alt=""/>
      <caption webpage="nosotros" alt=""/>
      <caption webpage="nosotros" alt=""/>
      <caption webpage="nosotros" alt=""/>
      <caption webpage="nosotros" alt=""/>
    </file>
    <file name="hoja-stevia.png" crc="4115943148" seo="true" ref="index">
      <caption webpage="index" alt=""/>
      <caption webpage="index" alt=""/>
      <caption webpage="index" alt=""/>
      <caption webpage="index" alt=""/>
      <caption webpage="index" alt=""/>
    </file>
    <file name="stevia.jpg" crc="486307769" ref="index">
      <caption webpage="index" alt=""/>
    </file>
    <file name="nosotros.jpg" crc="3946760300" ref="nosotros">
      <caption webpage="nosotros" alt=""/>
    </file>
    <file name="moringa.jpg" crc="514366539" ref="productos:extracto-de-moringa">
      <caption webpage="productos" alt=""/>
    </file>
    <file name="contacto.jpg" crc="80367024" ref="contacto">
      <caption webpage="contacto" alt=""/>
    </file>
    <file name="guayusa.jpg" crc="4032907713" ref="extracto-de-guayusa">
      <caption webpage="extracto-de-guayusa" alt=""/>
    </file>
    <file name="pasted-svg-196703x66.svg" crc="529633676" seo="true" ref="phone>index:index">
      <caption webpage="index" alt=""/>
      <caption webpage="index" alt=""/>
      <caption webpage="index" alt=""/>
      <caption webpage="index" alt=""/>
      <caption webpage="index" alt=""/>
      <caption webpage="index" alt=""/>
    </file>
    <file name="pasted svg 196703x66_poster_.png" crc="190421530" ref="phone>index"/>
    <file name="puntos_venta-09.svg" crc="495032972" seo="true" ref="phone>index:index">
      <caption webpage="index" alt=""/>
      <caption webpage="index" alt=""/>
      <caption webpage="index" alt=""/>
      <caption webpage="index" alt=""/>
      <caption webpage="index" alt=""/>
      <caption webpage="index" alt=""/>
    </file>
    <file name="puntos_venta-09_poster_.png" crc="3890641326" ref="phone>index"/>
    <file name="puntos_venta-10.svg" crc="3983067831" seo="true" ref="phone>index:index">
      <caption webpage="index" alt=""/>
      <caption webpage="index" alt=""/>
      <caption webpage="index" alt=""/>
      <caption webpage="index" alt=""/>
      <caption webpage="index" alt=""/>
      <caption webpage="index" alt=""/>
    </file>
    <file name="puntos_venta-10_poster_.png" crc="326941213" ref="phone>index"/>
    <file name="guayusa303x303.png" crc="220419320" seo="true" ref="phone>index">
      <caption webpage="index" alt="Extractos naturales, extracto, líquido, Guayusa, energizante natural, cafeína, alimentación, salud, Nuna Kaskai, Tinturas madre, Ecuador"/>
    </file>
    <file name="moringa256x256.png" crc="3766583573" seo="true" ref="phone>productos">
      <caption webpage="productos" alt="Extractos naturales, extracto, líquido, Moringa, complemento nutricional, proteína, alimentación, salud, Nuna Kaskai, Tinturas madre, Ecuador"/>
    </file>
    <file name="guayusa256x256.png" crc="283056108" seo="true" ref="phone>productos">
      <caption webpage="productos" alt="Extractos naturales, extracto, líquido, Guayusa, energizante natural, cafeína, alimentación, salud, Nuna Kaskai, Tinturas madre, Ecuador"/>
    </file>
    <file name="guayusa262x262.png" crc="3793352543" seo="true" ref="phone>extracto-de-guayusa">
      <caption webpage="extracto-de-guayusa" alt="Extractos naturales, extracto, líquido, Guayusa, energizante natural, cafeína, alimentación, salud, Nuna Kaskai, Tinturas madre, Ecuador"/>
    </file>
    <file name="moringa288x288.png" crc="3784541971" seo="true" ref="phone>extracto-de-moringa">
      <caption webpage="extracto-de-moringa" alt="Extractos naturales, extracto, líquido, Moringa, complemento nutricional, proteína, alimentación, salud, Nuna Kaskai, Tinturas madre, Ecuador"/>
    </file>
    <file name="moringa.png" crc="3904753698" seo="true" ref="productos:phone>index">
      <caption webpage="index" alt="Extractos naturales, extracto, líquido, Moringa, complemento nutricional, proteína, alimentación, salud, Nuna Kaskai, Tinturas madre, Ecuador"/>
      <caption webpage="productos" alt=""/>
      <caption webpage="productos" alt=""/>
      <caption webpage="productos" alt=""/>
      <caption webpage="productos" alt=""/>
      <caption webpage="productos" alt=""/>
    </file>
    <file name="guayusa.png" crc="242160662" seo="true" ref="index:productos:extracto-de-guayusa">
      <caption webpage="index" alt="Extractos naturales, extracto, líquido, Guayusa, energizante natural, cafeína, alimentación, salud, Nuna Kaskai, Tinturas madre, Ecuador"/>
      <caption webpage="index" alt="Extractos naturales, extracto, líquido, Guayusa, energizante natural, cafeína, alimentación, salud, Nuna Kaskai, Tinturas madre, Ecuador"/>
      <caption webpage="index" alt="Extractos naturales, extracto, líquido, Guayusa, energizante natural, cafeína, alimentación, salud, Nuna Kaskai, Tinturas madre, Ecuador"/>
      <caption webpage="index" alt="Extractos naturales, extracto, líquido, Guayusa, energizante natural, cafeína, alimentación, salud, Nuna Kaskai, Tinturas madre, Ecuador"/>
      <caption webpage="index" alt="Extractos naturales, extracto, líquido, Guayusa, energizante natural, cafeína, alimentación, salud, Nuna Kaskai, Tinturas madre, Ecuador"/>
      <caption webpage="productos" alt=""/>
      <caption webpage="productos" alt=""/>
      <caption webpage="productos" alt=""/>
      <caption webpage="productos" alt=""/>
      <caption webpage="productos" alt=""/>
      <caption webpage="extracto-de-guayusa" alt="Extractos naturales, extracto, líquido, Guayusa, energizante natural, cafeína, alimentación, salud, Nuna Kaskai, Tinturas madre, Ecuador"/>
      <caption webpage="extracto-de-guayusa" alt="Extractos naturales, extracto, líquido, Guayusa, energizante natural, cafeína, alimentación, salud, Nuna Kaskai, Tinturas madre, Ecuador"/>
      <caption webpage="extracto-de-guayusa" alt="Extractos naturales, extracto, líquido, Guayusa, energizante natural, cafeína, alimentación, salud, Nuna Kaskai, Tinturas madre, Ecuador"/>
      <caption webpage="extracto-de-guayusa" alt="Extractos naturales, extracto, líquido, Guayusa, energizante natural, cafeína, alimentación, salud, Nuna Kaskai, Tinturas madre, Ecuador"/>
      <caption webpage="extracto-de-guayusa" alt="Extractos naturales, extracto, líquido, Guayusa, energizante natural, cafeína, alimentación, salud, Nuna Kaskai, Tinturas madre, Ecuador"/>
    </file>
    <file name="moringa365x365.png" crc="93247609" seo="true" ref="extracto-de-moringa">
      <caption webpage="extracto-de-moringa" alt="Extractos naturales, extracto, líquido, Moringa, complemento nutricional, proteína, alimentación, salud, Nuna Kaskai, Tinturas madre, Ecuador"/>
    </file>
    <file name="moringa339x339.png" crc="4089525657" seo="true" ref="extracto-de-moringa">
      <caption webpage="extracto-de-moringa" alt="Extractos naturales, extracto, líquido, Moringa, complemento nutricional, proteína, alimentación, salud, Nuna Kaskai, Tinturas madre, Ecuador"/>
    </file>
    <file name="moringa341x341.png" crc="247127331" seo="true" ref="extracto-de-moringa">
      <caption webpage="extracto-de-moringa" alt="Extractos naturales, extracto, líquido, Moringa, complemento nutricional, proteína, alimentación, salud, Nuna Kaskai, Tinturas madre, Ecuador"/>
    </file>
    <file name="moringa329x329.png" crc="56360981" seo="true" ref="extracto-de-moringa">
      <caption webpage="extracto-de-moringa" alt="Extractos naturales, extracto, líquido, Moringa, complemento nutricional, proteína, alimentación, salud, Nuna Kaskai, Tinturas madre, Ecuador"/>
    </file>
    <file name="moringa283x283.png" crc="3774183795" seo="true" ref="extracto-de-moringa">
      <caption webpage="extracto-de-moringa" alt="Extractos naturales, extracto, líquido, Moringa, complemento nutricional, proteína, alimentación, salud, Nuna Kaskai, Tinturas madre, Ecuador"/>
    </file>
    <file name="fondofarmacias-1-u7606-fr.jpg" crc="334487505" ref="phone>index"/>
    <file name="pasted-svg-283146x95.svg" crc="3852097079" seo="true" ref="phone>index:index">
      <caption webpage="index" alt=""/>
      <caption webpage="index" alt=""/>
      <caption webpage="index" alt=""/>
      <caption webpage="index" alt=""/>
      <caption webpage="index" alt=""/>
      <caption webpage="index" alt=""/>
    </file>
    <file name="pasted svg 283146x95_poster_.png" crc="4264688071" ref="phone>index"/>
    <file name="pasted-svg-283146x952.svg" crc="4194628409" seo="true" ref="phone>index:index">
      <caption webpage="index" alt=""/>
      <caption webpage="index" alt=""/>
      <caption webpage="index" alt=""/>
      <caption webpage="index" alt=""/>
      <caption webpage="index" alt=""/>
      <caption webpage="index" alt=""/>
    </file>
    <file name="pasted svg 283146x95_poster_2.png" crc="329112653" ref="phone>index"/>
    <file name="pasted-svg-283146x953.svg" crc="438371004" seo="true" ref="phone>index:index">
      <caption webpage="index" alt=""/>
      <caption webpage="index" alt=""/>
      <caption webpage="index" alt=""/>
      <caption webpage="index" alt=""/>
      <caption webpage="index" alt=""/>
      <caption webpage="index" alt=""/>
    </file>
    <file name="pasted svg 283146x95_poster_3.png" crc="3995176762" ref="phone>index"/>
    <file name="moringa3.png" crc="399353076" seo="true" ref="index">
      <caption webpage="index" alt=""/>
      <caption webpage="index" alt=""/>
      <caption webpage="index" alt=""/>
      <caption webpage="index" alt=""/>
      <caption webpage="index" alt=""/>
    </file>
    <file name="banner-web-movil.jpg" crc="295094314" seo="true" ref="phone>index">
      <caption webpage="index" alt=""/>
    </file>
    <file name="banner-web-desktop-.jpg" crc="289571383" seo="true" ref="index">
      <caption webpage="index" alt=""/>
      <caption webpage="index" alt=""/>
      <caption webpage="index" alt=""/>
      <caption webpage="index" alt=""/>
      <caption webpage="index" alt=""/>
    </file>
  </folder>
  <folder name="phone">
    <folder name="css">
      <file name="master_a-master.css" crc="3984976637" ref="phone>extracto-de-guayusa:phone>nosotros:phone>extracto-de-moringa:phone>productos:phone>index:phone>contacto"/>
      <file name="extracto-de-guayusa.css" crc="3868873724" ref="phone>extracto-de-guayusa"/>
      <file name="nosotros.css" crc="4142345358" ref="phone>nosotros"/>
      <file name="extracto-de-moringa.css" crc="346667356" ref="phone>extracto-de-moringa"/>
      <file name="productos.css" crc="298089088" ref="phone>productos"/>
      <file name="index.css" crc="408821505" ref="phone>index"/>
      <file name="contacto.css" crc="4276357121" ref="phone>contacto"/>
      <file name="nomq_preview_master_a-master.css" crc="3824530138" ref="phone>index:phone>productos:phone>extracto-de-guayusa:phone>extracto-de-moringa"/>
      <file name="nomq_extracto-de-moringa.css" crc="3824530138" ref="phone>extracto-de-moringa"/>
      <file name="nomq_index.css" crc="3824530138" ref="phone>index"/>
    </folder>
    <file name="index.html" crc="4232469737" seo="true" mt="1620064149006" redirect="true"/>
    <file name="nosotros.html" crc="3830603995" seo="true" mt="1601588221189" redirect="true"/>
    <file name="productos.html" crc="87948776" seo="true" mt="1599077799979" redirect="true"/>
    <file name="extracto-de-guayusa.html" crc="4151888101" seo="true" mt="1599077799919" redirect="true"/>
    <file name="extracto-de-moringa.html" crc="331681104" seo="true" mt="1599077787786" redirect="true"/>
    <file name="contacto.html" crc="153075592" seo="true" mt="1597863795866" redirect="true"/>
  </folder>
  <file name="index.html" crc="4239093612" seo="true" mt="1620064128881" redirect="true"/>
  <file name="nosotros.html" crc="4111080692" seo="true" mt="1597969216423" redirect="true"/>
  <file name="productos.html" crc="167201200" seo="true" mt="1599077973925" redirect="true"/>
  <file name="contacto.html" crc="4043402601" seo="true" mt="1597969216423" redirect="true"/>
  <file name="extracto-de-guayusa.html" crc="4112626110" seo="true" mt="1599077799583" redirect="true"/>
  <file name="extracto-de-moringa.html" crc="4286216399" seo="true" mt="1599077787971" redirect="true"/>
</manifest>